,關鍵字,出現字數
0,台灣,106
1,高端,77
2,八卦,42
3,快訊,37
4,應該,36
5,鬼切,34
6,公投,33
7,真的,31
8,逢甲,31
9,開車,31
10,有人,29
11,中醫,29
12,肥胖,29
13,體內,29
14,濕氣,29
15,科學,29
16,同學,28
17,台中,27
18,英文,27
19,大生,25
20,小屁孩,25
21,21,24
22,世界,23
23,疫苗,23
24,可能,23
25,女生,23
26,殺人,23
27,一個,22
28,那麼,22
29,同意,22
30,中國,22
31,碩士生,22
32,家屬,22
33,淚控,22
34,斷層,21
35,怎樣,21
36,這麼,20
37,蓄意,20
38,地震,19
39,瑪莎,19
40,如何,19
41,買房,19
42,問題,19
43,為何,18
44,知道,18
45,484,18
46,遊行,18
47,歷史,17
48,比較,17
49,大陸,16
50,房價,16
51,30,16
52,這樣,15
53,自己,15
54,砂石車,15
55,公司,15
56,瑪莎拉蒂,15
57,年輕人,15
58,惡少,15
59,奶網紅,15
60,買下,15
61,70,15
62,理財,15
63,不能,14
64,核四,13
65,高雄,13
66,美國,13
67,時候,13
68,肥宅,13
69,平價,13
70,同志,13
71,日本,13
72,出國,12
73,騎士,12
74,20,12
75,政府,12
76,台北,12
77,哪個,12
78,車禍,12
79,各位,12
80,好吃,12
81,核四在,12
82,帶上,12
83,東西,12
84,正常,11
85,混打,11
86,魔女,11
87,今天,11
88,同夥,11
89,豪認,11
90,架住,11
91,辯稱,11
92,覺得,11
93,網查,11
94,慘了,11
95,檢警,11
96,幕後,11
97,憂鬱,11
98,工作,11
99,專區,11
100,地區,10
101,富少,10
102,多少,10
103,中餐,10
104,敘美,10
105,疑是,10
106,機車,10
107,很多,10
108,棒球隊,10
109,曝光,10
110,正妹,10
111,治安,10
112,台大,10
113,失敗,10
114,看到,10
115,不到,10
116,準備,10
117,全聯,10
118,家樂福,10
119,存在,9
120,莊人祥,9
121,一年,9
122,球棒,9
123,開放,9
124,突然,9
125,最近,9
126,甲甲,9
127,四個,9
128,遭毆,9
129,除了,9
130,傾向,9
131,嚴重,9
132,第二,9
133,地震帶,9
134,生育率,9
135,有救,9
136,安全,9
137,碩士,9
138,找到,8
139,只有,8
140,廠長,8
141,再現,8
142,哪裡,8
143,布丁,8
144,問盧,8
145,疫情,8
146,回應,8
147,雲林,8
148,成功,8
149,具有,8
150,矢板,8
151,明夫,8
152,女友,8
153,法則,8
154,國家,8
155,中共,8
156,胡志強,8
157,全額,8
158,抗漲,8
159,博士,7
160,死亡,7
161,核四死,7
162,搗蛋,7
163,其實,7
164,女人,7
165,新聞,7
166,解決,7
167,再籲,7
168,政黨,7
169,喜歡,7
170,棒球,7
171,全世界,7
172,變成,7
173,餐飲,7
174,幾個,7
175,第一,7
176,大選,7
177,印度,7
178,AZ,7
179,老師,7
180,博弈,7
181,店家,7
182,覆蓋率,7
183,所以,7
184,生命,7
185,保全,7
186,外交,7
187,遇到,7
188,專家,7
189,惡煞,7
190,網紅,7
191,學歷,7
192,不要,7
193,事實,7
194,供需,7
195,馬英九,7
196,完成,7
197,三鐵,7
198,男生,6
199,朋友,6
200,已經,6
201,算是,6
202,健身,6
203,驚見,6
204,榔頭,6
205,單親,6
206,服飾店,6
207,消失,6
208,10,6
209,越來越,6
210,等於,6
211,貓貓,6
212,不是,6
213,前核,6
214,須多,6
215,女同事,6
216,電影,6
217,媒體,6
218,國際,6
219,故意,6
220,麥當勞,6
221,萬劑,6
222,昔稱,6
223,幾乎,6
224,多少錢,6
225,飯局,6
226,感覺,6
227,汽車,6
228,很難,6
229,開眼,6
230,開始,6
231,楊金龍,6
232,千萬,6
233,40,6
234,18,6
235,聲明,6
236,稱台灣,6
237,95%,6
238,以後,6
239,以前,6
240,證實,6
241,瞬間,6
242,拜託,6
243,中戒,6
244,戒不掉,6
245,中華民國,6
246,統神,6
247,考不上,6
248,警察,6
249,求職,6
250,碰壁,6
251,不吃,5
252,事件,5
253,國外,5
254,證明,5
255,爸媽,5
256,老闆,5
257,牆外,5
258,男人,5
259,可愛,5
260,檢舉,5
261,現狀,5
262,原能會,5
263,直接,5
264,台北市,5
265,暴力,5
266,愛滋,5
267,全民,5
268,買單,5
269,大甲,5
270,掃黑,5
271,手機,5
272,代表,5
273,防疫,5
274,甚麼,5
275,請問,5
276,合購,5
277,版主,5
278,公務員,5
279,科技,5
280,接受,5
281,黑道,5
282,還沒,5
283,360,5
284,發現,5
285,郭董,5
286,買超,5
287,這種,5
288,打人,5
289,比例,5
290,就是,5
291,核能,5
292,國內,5
293,暫時,5
294,你們,5
295,三重,5
296,最頂,5
297,應徵,5
298,每天,5
299,地球,5
300,NASA,5
301,附近,5
302,形象,5
303,電視,5
304,哪些,5
305,識別區,5
306,醫生,5
307,英國,5
308,車道,5
309,報復,5
310,男大,5
311,生母,5
312,接到,5
313,爸電,5
314,夜明珠,5
315,遊戲,5
316,十年,5
317,交換,5
318,復活,5
319,奶茶,5
320,負評,5
321,輕鬆,5
322,補習班,5
323,謊報,5
324,超商,5
325,包裹,5
326,歷史系,5
327,乾淨,5
328,說真的,5
329,誤列,5
330,以色列,5
331,阿根廷,5
332,不認,5
333,減肥,4
334,適合,4
335,拜登,4
336,自由,4
337,養到,4
338,好賺,4
339,的話,4
340,今年,4
341,罷工,4
342,味道,4
343,第一次,4
344,風向,4
345,撞死,4
346,持球,4
347,之後,4
348,遵守,4
349,別人,4
350,隔離,4
351,妹妹,4
352,負責,4
353,核四已,4
354,社會,4
355,給你,4
356,柯文,4
357,哲酸,4
358,首支,4
359,16V,4
360,戰機,4
361,聯隊,4
362,將接裝,4
363,空軍司令,4
364,這是,4
365,還在,4
366,考慮,4
367,大學,4
368,還會,4
369,iPhone,4
370,12,4
371,縣市,4
372,風電,4
373,臺灣,4
374,那些,4
375,文盲,4
376,逼走,4
377,影片,4
378,送給,4
379,外交部,4
380,Netflix,4
381,德軍,4
382,裝甲師,4
383,行軍,4
384,50,4
385,以上,4
386,參謀長,4
387,頭號敵人,4
388,一旦,4
389,開戰,4
390,四重,4
391,路口,4
392,奪命,4
393,祖孫,4
394,當場,4
395,道歉,4
396,照片,4
397,想到,4
398,Uber,4
399,價值,4
400,2025,4
401,其他,4
402,機會,4
403,再生能源,4
404,暴衝,4
405,上班,4
406,弟弟,4
407,欠債,4
408,豆漿店,4
409,衝進,4
410,黑衣,4
411,多人,4
412,工程師,4
413,合法,4
414,小心,4
415,花蓮,4
416,地方,4
417,哪種,4
418,職業,4
419,早餐,4
420,黃士,4
421,福島,4
422,認證,4
423,Disney,4
424,app,4
425,妹子,4
426,韓國,4
427,人鬼切,4
428,生活,4
429,炸雞,4
430,統一,4
431,加速,4
432,77,4
433,裡有,4
434,長大,4
435,夜市,4
436,C300,4
437,房貸,4
438,送到,4
439,外送員,4
440,火大,4
441,NBA,4
442,球員,4
443,坎特,4
444,感謝,4
445,總統,4
446,發推文,4
447,盼訪,4
448,病毒,4
449,共存,4
450,醫揭,4
451,關鍵,4
452,恰恰,4
453,關公,4
454,還債,4
455,廟方,4
456,在線,4
457,香港,4
458,宇宙,4
459,附中,4
460,物流業,4
461,移動,4
462,發大財,4
463,推薦,4
464,賭徒,4
465,澱粉,3
466,物價,3
467,時間,3
468,彭帥,3
469,鞋子,3
470,監獄,3
471,擔心,3
472,才能,3
473,接種,3
474,副作用,3
475,這篇,3
476,廢文,3
477,德納,3
478,昏迷,3
479,股票,3
480,一起,3
481,因為,3
482,常去,3
483,水桶,3
484,聽說,3
485,南部,3
486,交通規則,3
487,車子,3
488,後悔,3
489,小松,3
490,菜奈,3
491,帥哥,3
492,鐘獎,3
493,死掉,3
494,紅線,3
495,當時,3
496,收入,3
497,合理,3
498,真相,3
499,鬼金棒,3
500,士林,3
501,57,3
502,正面,3
503,國賓飯店,3
504,熄燈,3
505,手術,3
506,辦公室,3
507,口罩,3
508,厲害,3
509,萬戶,3
510,一句,3
511,看起來,3
512,免治,3
513,馬桶,3
514,太神,3
515,發生,3
516,壞事,3
517,漢堡,3
518,一堆,3
519,央行,3
520,料理,3
521,使用,3
522,結婚,3
523,大車,3
524,年輕,3
525,支持,3
526,反萊豬,3
527,少女,3
528,天氣,3
529,二兆,3
530,網紅業配,3
531,Re,3
532,隔壁,3
533,剩下,3
534,提高,3
535,經驗,3
536,連鎖,3
537,星際大戰,3
538,太過,3
539,買車,3
540,租車,3
541,看過,3
542,萬安,3
543,稱吃萊豬,3
544,萊牛,3
545,網友,3
546,國安,3
547,還棄,3
548,邏輯,3
549,200,3
550,95,3
551,比特,3
552,兩劑,3
553,爭議,3
554,新加坡,3
555,一下,3
556,一次,3
557,請假,3
558,這次,3
559,口味,3
560,太平山,3
561,訂房,3
562,全滿,3
563,鄉民,3
564,女童,3
565,放寬,3
566,失蹤,3
567,乾脆,3
568,89,3
569,還要,3
570,有錯,3
571,繼續,3
572,二代,3
573,撞車,3
574,台灣省,3
575,出來,3
576,檢討,3
577,清流,3
578,高鐵,3
579,所有,3
580,駕駛,3
581,最高,3
582,作戰,3
583,發明,3
584,成為,3
585,修稱,3
586,核災,3
587,至今,3
588,無人,3
589,輻射,3
590,全球,3
591,成立,3
592,183,3
593,數據中心,3
594,市府,3
595,新竹,3
596,進入,3
597,監視器,3
598,飛去,3
599,對岸,3
600,航空,3
601,常常,3
602,100,3
603,民進黨,3
604,民族性,3
605,唯一,3
606,公寓,3
607,youtube,3
608,上路,3
609,教授,3
610,柯南,3
611,辦法,3
612,小妹,3
613,手搖,3
614,16,3
615,萬人白,3
616,怪怪,3
617,人家,3
618,別墅,3
619,講話,3
620,救護車,3
621,一個月,3
622,廢除,3
623,教書,3
624,出路,3
625,天堂,3
626,稱霸,3
627,幾十年,3
628,打贏,3
629,胃酸,3
630,來歷,3
631,肉圓,3
632,賣場,3
633,認罪,3
634,還能,3
635,打仗,3
636,會成,3
637,戰神,3
638,加入,3
639,最多領,3
640,輾斃,3
641,女碩生,3
642,貧困人口,3
643,165,3
644,萬創,3
645,新高,3
646,港人,3
647,傳說,3
648,城市,3
649,聯結,3
650,排隊,3
651,必勝,3
652,很少,3
653,男女,3
654,混浴,3
655,團購,3
656,板禁,3
657,shopback,3
658,相關,3
659,過氣,3
660,小室,3
661,夫婦,3
662,赴美,3
663,展開,3
664,真子,3
665,首次,3
666,護照,3
667,同路人,3
668,obike,3
669,多低,3
670,注入,2
671,毒液,2
672,必要,2
673,基督教,2
674,友要,2
675,幫神,2
676,緩頰,2
677,紅色,2
678,外包,2
679,司法,2
680,解方,2
681,留學,2
682,打麻將,2
683,工廠,2
684,館長,2
685,捷運,2
686,明天,2
687,習近平,2
688,這個,2
689,阿伯,2
690,好像,2
691,家裡,2
692,長輩,2
693,醫憂,2
694,不得,2
695,三次,2
696,概念,2
697,協會,2
698,空巴,2
699,意思,2
700,日常,2
701,生物,2
702,咖哩,2
703,魯蛇,2
704,人算,2
705,哪家,2
706,明志,2
707,新歌,2
708,哪一位,2
709,人物,2
710,翻案,2
711,咖啡,2
712,高手,2
713,一秒,2
714,90,2
715,老大,2
716,經過,2
717,乖乖,2
718,管理,2
719,老公,2
720,要選,2
721,華郵,2
722,認錯,2
723,通俄門,2
724,假新聞,2
725,抹黑,2
726,川普,2
727,天王,2
728,永遠,2
729,蝦皮,2
730,黑暗,2
731,人格,2
732,歐美,2
733,東京,2
734,學校,2
735,有多強,2
736,幹嘛,2
737,重打,2
738,BNT,2
739,買過,2
740,梅艷芳,2
741,發錢,2
742,超級,2
743,急診,2
744,議會,2
745,交通,2
746,官員,2
747,第三,2
748,便宜,2
749,張敦量,2
750,拿來,2
751,日益,2
752,敗壞,2
753,最該,2
754,負起,2
755,責任,2
756,震撼,2
757,五星級,2
758,將吹,2
759,公車,2
760,可怕,2
761,砸毀,2
762,賓士車,2
763,車頂,2
764,當初,2
765,當兵,2
766,李明依,2
767,多花,2
768,23,2
769,怒槓,2
770,健保署,2
771,同事,2
772,趁機,2
773,水餃,2
774,內政部,2
775,住宅,2
776,11,2
777,阿姨,2
778,下去,2
779,耶穌,2
780,台中人,2
781,挑戰,2
782,聯盟,2
783,學妹,2
784,...,2
785,武器,2
786,車上,2
787,這時候,2
788,搞台,2
789,鋁棒,2
790,意義,2
791,覺青,2
792,詮釋,2
793,抽菸,2
794,酒駕,2
795,結衣,2
796,雞腿,2
797,剛剛,2
798,最好,2
799,食物,2
800,各國,2
801,通膨都,2
802,視而不見,2
803,青銅器,2
804,設計,2
805,便當,2
806,水準,2
807,退步,2
808,性慾,2
809,旁邊,2
810,豪宅,2
811,發電,2
812,反核,2
813,街頭,2
814,優先,2
815,解釋,2
816,地位,2
817,改建,2
818,國中生,2
819,不愛留,2
820,晚自習,2
821,帳號,2
822,教練,2
823,仔重,2
824,心裡,2
825,交友,2
826,新北,2
827,四萬,2
828,多遠,2
829,小吃,2
830,邱太三,2
831,餐廳,2
832,就問,2
833,夫妻,2
834,圓的,2
835,人類,2
836,多久,2
837,說話,2
838,那個,2
839,懸案,2
840,自閉,2
841,有些,2
842,有錢人,2
843,花錢,2
844,比社,2
845,畜還,2
846,小氣,2
847,從軍,2
848,公教,2
849,中獨,2
850,流感疫苗,2
851,素質,2
852,高樓,2
853,林立,2
854,高雄亞灣,2
855,特貿,2
856,招商,2
857,全壘,2
858,天真,2
859,貽害,2
860,why,2
861,晚上,2
862,世紀,2
863,AI,2
864,內褲,2
865,突變,2
866,好事,2
867,觀月雛乃,2
868,誤認,2
869,有意,2
870,而性,2
871,高院,2
872,貪官,2
873,收賄,2
874,億元,2
875,假裝,2
876,推行,2
877,小孩,2
878,主辦人,2
879,警告,2
880,藍營,2
881,違規,2
882,延燒,2
883,注意,2
884,客家,2
885,羨慕,2
886,場面,2
887,酷課,2
888,贏過,2
889,大會,2
890,方法,2
891,想問,2
892,水煎包,2
893,退伍,2
894,藥性,2
895,15,2
896,搞頭,2
897,..,2
898,規定,2
899,方向,2
900,中職,2
901,當家,2
902,是否,2
903,威脅,2
904,法國,2
905,國旗,2
906,藍色,2
907,變深,2
908,馬克,2
909,宏偷,2
910,抓來,2
911,屁股,2
912,大師,2
913,生日,2
914,討論,2
915,一定,2
916,超跑,2
917,男同志,2
918,李翔,2
919,何時,2
920,跌落,2
921,神壇,2
922,業的,2
923,IOS,2
924,Jr,2
925,工程,2
926,衣服,2
927,給鬼切,2
928,教訓,2
929,廣告,2
930,出現,2
931,一樣,2
932,百萬,2
933,駕照,2
934,司機,2
935,開房間,2
936,套房,2
937,ptt,2
938,蘆洲,2
939,阿婆,2
940,山自,2
941,摔亡,2
942,月入,2
943,年內,2
944,要給,2
945,人會,2
946,下意識,2
947,說出,2
948,幹麻,2
949,得到,2
950,身邊,2
951,好玩,2
952,YT,2
953,專業,2
954,議員,2
955,燃氣,2
956,分享,2
957,大概,2
958,介紹,2
959,平均,2
960,刑法,2
961,連坐法,2
962,變好,2
963,獨家,2
964,海軍,2
965,左營,2
966,軍區,2
967,侵入,2
968,軍官,2
969,疑竊,2
970,80,2
971,算貴,2
972,工讀生,2
973,員工,2
974,臉書,2
975,碰到,2
976,Amoi,2
977,女優,2
978,兒子,2
979,排名,2
980,校園,2
981,熊貓,2
982,外送,2
983,最佳,2
984,最後,2
985,一天,2
986,三個,2
987,大谷,2
988,翔平,2
989,最強,2
990,合併,2
991,撞死人,2
992,嘴巴,2
993,一夜,2
994,宋母,2
995,下車,2
996,XSX,2
997,PS5,2
998,還酷,2
999,縮水,2
1000,國民黨,2
1001,驚爆,2
1002,犯罪,2
1003,共機,2
1004,夜間,2
1005,再度,2
1006,防空,2
1007,空軍,2
1008,ig,2
1009,只用,2
1010,fb,2
1011,顏色,2
1012,安全帽,2
1013,驚險,2
1014,自殺式,2
1015,鑽車,2
1016,倒公,2
1017,詐騙,2
1018,異常,2
1019,__,2
1020,剛買,2
1021,iPad,2
1022,要裝,2
1023,內行,2
1024,有多爽,2
1025,缺貨,2
1026,父母,2
1027,德里,2
1028,空氣,2
1029,糟糕,2
1030,關心,2
1031,流行,2
1032,休旅車,2
1033,耐震,2
1034,認定,2
1035,115,2
1036,萬老,2
1037,可望,2
1038,樂團,2
1039,女主唱,2
1040,突脫,2
1041,褲半,2
1042,腿間,2
1043,噴出,2
1044,水柱,2
1045,坐過,2
1046,椅子,2
1047,熱熱,2
1048,女孩,2
1049,行車,2
1050,上帝,2
1051,打得過,2
1052,對方,2
1053,隨便,2
1054,不及,2
1055,受傷,2
1056,兩個,2
1057,IWC,2
1058,Panerai,2
1059,飲酒,2
1060,高歌,2
1061,地點,2
1062,激似,2
1063,史上,2
1064,悲慘,2
1065,護士,2
1066,家長,2
1067,玩具,2
1068,劉備,2
1069,48,2
1070,歲的孫,2
1071,繼海,2
1072,底撈,2
1073,陸網紅,2
1074,店爆,2
1075,87,2
1076,家關,2
1077,店潮,2
1078,現代,2
1079,周處,2
1080,三害,2
1081,每個,2
1082,天然氣,2
1083,一輩子,2
1084,左轉,2
1085,公主,2
1086,國免,2
1087,紐西蘭,2
1088,印尼,2
1089,貝里,2
1090,水平,2
1091,年的貓,2
1092,學到,2
1093,政策,2
1094,重要,2
1095,改善,2
1096,13,2
1097,還穿,2
1098,短褲,2
1099,綠班,2
1100,什麼樣,2
1101,醫師,2
1102,卡西歐,2
1103,SHOCK,2
1104,一點,2
1105,興趣,2
1106,辣到,2
1107,No.1,2
1108,天冷,2
1109,只能,2
1110,存下,2
1111,25000,2
1112,30000,2
1113,野戰,2
1114,口糧,2
1115,裡面,2
1116,香菸,2
1117,連續,2
1118,音樂,2
1119,電影票,2
1120,換成,2
1121,拿到,2
1122,心態,2
1123,燒烤,2
1124,青蛙,2
1125,台南,2
1126,猥褻,2
1127,封鎖,2
1128,北京,2
1129,高斯,2
1130,人民,2
1131,鮑魚,2
1132,外流,2
1133,保護,2
1134,肯德基,2
1135,大長,2
1136,放到,2
1137,神作,2
1138,瞧不起,2
1139,馬斯克,2
1140,原來,2
1141,還沒死,2
1142,老狗,2
1143,不想,2
1144,老婆,2
1145,英文名,2
1146,PLG,2
1147,上漲,2
1148,起來,2
1149,情緒,2
1150,Dcard,2
1151,暈船,2
1152,外勞,2
1153,我家,2
1154,漲價,2
1155,cp,2
1156,核電廠,2
1157,機率,2
1158,北高,2
1159,夜車,2
1160,玉石俱焚,2
1161,容易,2
1162,咒術,2
1163,難看,2
1164,的給,2
1165,進來,2
1166,劑會,2
1167,可怖,2
1168,vs,2
1169,健身房,2
1170,要放,2
1171,潛艦,2
1172,背景,2
1173,期間,2
1174,蜜月,2
1175,店員,2
1176,討厭,2
1177,難道,2
1178,一二三,2
1179,核四為,2
1180,標準,2
1181,徵召,2
1182,市長,2
1183,提名,2
1184,全代,2
1185,會通,2
1186,胡迪,2
1187,低能,2
1188,不好,2
1189,天津,2
1190,狗不理,2
1191,湯包,2
1192,退出,2
1193,樓市,2
1194,崩盤,2
1195,發布,2
1196,限跌令,2
1197,胖子,2
1198,特別,2
1199,聲音,2
1200,沒港覺,2
1201,吸引,2
1202,人材,2
1203,聽過,2
1204,奧術,2
1205,說愛我,2
1206,超愛我,2
1207,歸屬感,2
1208,強很以,2
1209,人為,2
1210,功夫,2
1211,土耳其,2
1212,冰淇淋,2
1213,立委,2
1214,逆向,2
1215,險撞,2
1216,警竟,2
1217,禮讓,2
1218,PTT,2
1219,陣線,2
1220,顏清,2
1221,不像話,2
1222,做愛時,2
1223,背心,2
1224,攬客,2
1225,美女,2
1226,廁所,2
1227,女森有,2
1228,憂鬱症,2
1229,石油,2
1230,幹話,2
1231,新人,2
1232,菜鳥,2
1233,好看,2
1234,連勝文,2
1235,勉勵,2
1236,培養,2
1237,專長,2
1238,結交,2
1239,白金漢宮,2
1240,英國女王,2
1241,背部,2
1242,扭傷,2
1243,男讀,2
1244,文組,2
1245,科系,2
1246,油條,2
1247,波蘭,2
1248,物價上漲,2
1249,爽到,2
1250,蘋果,2
1251,擬讓,2
1252,偵測,2
1253,兒童,2
1254,色情,2
1255,哪幾個,2
1256,案子,2
1257,兇手,2
1258,定罪,2
1259,螃蟹,2
1260,太兇了,2
1261,尋奇,2
1262,主持人,2
1263,澳洲,2
1264,犧牲,2
1265,胡錫進,2
1266,曝澳,2
1267,協防,2
1268,奇怪,2
1269,牙醫,2
1270,台灣要,2
1271,滲透,2
1272,下莊,2
1273,白色恐怖,2
1274,端提,2
1275,電梯,2
1276,分鐘,2
1277,壽司,2
1278,業餘,2
1279,差八,2
1280,想嚇,2
1281,男朝,2
1282,車門,2
1283,冤喊,2
1284,土條,2
1285,說連,2
1286,這咖都,2
1287,害怕,2
1288,迎戰,2
1289,消滅,2
1290,ubike,2
1291,智商,2
1292,營養師,1
1293,中要,1
1294,防身,1
1295,下班,1
1296,喝酒,1
1297,唱歌,1
1298,WTA,1
1299,重話籲,1
1300,調查,1
1301,排除,1
1302,芒果,1
1303,垮掉,1
1304,博士班,1
1305,獎學金,1
1306,進去,1
1307,流浪,1
1308,貓狗,1
1309,遲到,1
1310,上桌,1
1311,平日,1
1312,吃素,1
1313,假日,1
1314,吃半素,1
1315,捍衛,1
1316,信譽,1
1317,提告,1
1318,之漢,1
1319,今傳,1
1320,各地,1
1321,建設,1
1322,難產,1
1323,要怪,1
1324,早上,1
1325,視訊,1
1326,會講,1
1327,一元,1
1328,貨幣,1
1329,好賭,1
1330,相較,1
1331,底層,1
1332,百姓生活,1
1333,舒適,1
1334,內用,1
1335,外帶,1
1336,價差,1
1337,能接,1
1338,探探,1
1339,自家人,1
1340,往右,1
1341,女網,1
1342,EQ,1
1343,泰山,1
1344,突破,1
1345,字頭,1
1346,不重,1
1347,啟一清,1
1348,專案,1
1349,多歲,1
1350,買不起,1
1351,很爽,1
1352,眼界,1
1353,攻擊,1
1354,智障,1
1355,通過,1
1356,軍人,1
1357,配槍,1
1358,擬態,1
1359,消化,1
1360,全部,1
1361,黏在,1
1362,年薪,1
1363,450,1
1364,萬不還,1
1365,站哨,1
1366,事情,1
1367,轉職,1
1368,貪小便宜,1
1369,空姐,1
1370,空少,1
1371,地勤,1
1372,機長,1
1373,網民,1
1374,仔是,1
1375,濾掛,1
1376,請進,1
1377,周杰倫,1
1378,AKB48,1
1379,Team,1
1380,TP,1
1381,新作,1
1382,天算,1
1383,封存,1
1384,南北,1
1385,菜蟲,1
1386,聯合,1
1387,哄抬,1
1388,中開,1
1389,診所,1
1390,先繳,1
1391,愛為,1
1392,難自,1
1393,剋星,1
1394,追打,1
1395,Toyota,1
1396,多耐開,1
1397,德川,1
1398,踢走,1
1399,這輩子,1
1400,強悍,1
1401,第三者,1
1402,不選,1
1403,之亂,1
1404,首同框,1
1405,豪平,1
1406,進過,1
1407,查不到,1
1408,入境,1
1409,SM,1
1410,少時,1
1411,沒人能,1
1412,接棒,1
1413,信義路,1
1414,整排,1
1415,違停,1
1416,組完,1
1417,千年,1
1418,積木,1
1419,模型,1
1420,暴力事件,1
1421,照樣,1
1422,進步,1
1423,振武,1
1424,究竟,1
1425,大風,1
1426,吹要,1
1427,何人,1
1428,犯蠢害,1
1429,法律,1
1430,個人,1
1431,愛台灣,1
1432,何要,1
1433,必泰,1
1434,私人,1
1435,用品,1
1436,限縮民眾,1
1437,期中考,1
1438,熱力學,1
1439,鑽石,1
1440,付錢,1
1441,rar,1
1442,作者,1
1443,財富,1
1444,臺式,1
1445,英雄,1
1446,特徵,1
1447,羅東,1
1448,香辣,1
1449,偉哲掛,1
1450,不去,1
1451,可上,1
1452,臉書蹭網,1
1453,死傷,1
1454,慘重,1
1455,劑能,1
1456,該選,1
1457,耐用,1
1458,主動,1
1459,早安,1
1460,火球,1
1461,帶球,1
1462,核四是,1
1463,騙台灣,1
1464,人用,1
1465,右轉,1
1466,停止,1
1467,出桶,1
1468,更新,1
1469,LINE,1
1470,Pay,1
1471,慈禧太后,1
1472,義和團,1
1473,既視,1
1474,對白,1
1475,令人,1
1476,莞爾,1
1477,會缺,1
1478,晶片,1
1479,會選,1
1480,那裡,1
1481,對應,1
1482,詞彙,1
1483,告白,1
1484,slow,1
1485,idcc,1
1486,在家,1
1487,上網,1
1488,趴要,1
1489,棕櫚油,1
1490,嚴謹,1
1491,串門子,1
1492,買不到,1
1493,還大里,1
1494,有名,1
1495,動用,1
1496,軍隊,1
1497,會多,1
1498,精彩,1
1499,安卓,1
1500,截圖,1
1501,米國,1
1502,美金,1
1503,棟房,1
1504,麥拉,1
1505,十萬,1
1506,這醜,1
1507,子瑜,1
1508,處男,1
1509,想取,1
1510,韓文,1
1511,文字,1
1512,名字,1
1513,回得去,1
1514,市北,1
1515,市場,1
1516,收養,1
1517,棄貓,1
1518,變招,1
1519,牌貓,1
1520,超萌,1
1521,吃宵夜,1
1522,棒球棒,1
1523,能成,1
1524,國軍,1
1525,必備品,1
1526,負債,1
1527,會虧,1
1528,晉升,1
1529,無車,1
1530,階級,1
1531,調適,1
1532,荒山亮,1
1533,認真,1
1534,證件,1
1535,借人會,1
1536,那練,1
1537,洗衣店,1
1538,賺頭,1
1539,丹丹,1
1540,點最,1
1541,划算,1
1542,吸毒,1
1543,仔會,1
1544,新垣,1
1545,肥宅何,1
1546,你娘,1
1547,這吃,1
1548,日圓,1
1549,韓元,1
1550,面額,1
1551,大到,1
1552,樓下,1
1553,雞排,1
1554,補充,1
1555,蛋白質,1
1556,越南,1
1557,聯絡,1
1558,亂花,1
1559,班費,1
1560,店主,1
1561,台灣豬,1
1562,台灣價,1
1563,考國考,1
1564,個體,1
1565,何不,1
1566,核廢料,1
1567,放在,1
1568,東沙,1
1569,島上,1
1570,網路,1
1571,還爛,1
1572,棒球員,1
1573,好消息,1
1574,加碼,1
1575,隱形,1
1576,邊緣,1
1577,引起,1
1578,對象,1
1579,象山,1
1580,那排,1
1581,管理科,1
1582,不管,1
1583,一接,1
1584,就掛,1
1585,的門,1
1586,窗外,1
1587,哪一首,1
1588,最會,1
1589,市區,1
1590,橫行,1
1591,1%,1
1592,林昶佐,1
1593,可去,1
1594,問有,1
1595,愛打,1
1596,還會輸,1
1597,中日韓,1
1598,同時,1
1599,要養,1
1600,四隻,1
1601,貓熊,1
1602,逃離,1
1603,公公,1
1604,流落,1
1605,慘淪,1
1606,400,1
1607,百元,1
1608,剪髮,1
1609,陸官媒,1
1610,希望,1
1611,印象,1
1612,這段,1
1613,潔民為,1
1614,要說,1
1615,說語,1
1616,餐敘美,1
1617,飛機,1
1618,判斷,1
1619,二戰,1
1620,德國,1
1621,相當於,1
1622,原址,1
1623,阿莎力,1
1624,接發,1
1625,1500,1
1626,他們,1
1627,打過,1
1628,碰碰車,1
1629,豆導會,1
1630,拍台,1
1631,惡霸,1
1632,上層,1
1633,追殺,1
1634,看不起,1
1635,土博,1
1636,英檢,1
1637,差不多,1
1638,選擇,1
1639,台劇,1
1640,威士忌,1
1641,話題,1
1642,討好,1
1643,女結,1
1644,性愛,1
1645,上課,1
1646,打要,1
1647,第幾,1
1648,宋世傑會,1
1649,辯護,1
1650,3500,1
1651,實體,1
1652,五倍,1
1653,券去,1
1654,哪花,1
1655,軟體,1
1656,鳳山,1
1657,房東,1
1658,台語,1
1659,幹部,1
1660,Jinx,1
1661,外表,1
1662,火炮,1
1663,設定,1
1664,重疊,1
1665,生酮,1
1666,這一,1
1667,年來,1
1668,最委,1
1669,招惹,1
1670,強制,1
1671,責任險,1
1672,金額,1
1673,大頭菜,1
1674,一顆,1
1675,600,1
1676,租房,1
1677,房租,1
1678,嗡嗡,1
1679,嗡頭,1
1680,牙仙收,1
1681,智齒,1
1682,網購,1
1683,一半,1
1684,攔截,1
1685,修法,1
1686,考駕照,1
1687,菅田,1
1688,將暉,1
1689,送員,1
1690,恐嚇,1
1691,開吉,1
1692,哪來,1
1693,過期,1
1694,效期,1
1695,會過,1
1696,體協,1
1697,壟斷,1
1698,台灣運,1
1699,王伯輝,1
1700,歐洲人,1
1701,買書,1
1702,哪邊,1
1703,打新冠,1
1704,當下,1
1705,沙威瑪,1
1706,很強,1
1707,遭高雄,1
1708,男酒,1
1709,直撞,1
1710,噴飛雙,1
1711,張朝棟,1
1712,反而,1
1713,沒事,1
1714,破案,1
1715,特定,1
1716,利益者,1
1717,家人,1
1718,重度,1
1719,戴資穎,1
1720,代言,1
1721,葉問,1
1722,搞笑,1
1723,傳武,1
1724,實戰,1
1725,急性,1
1726,衰竭,1
1727,岳父,1
1728,市議員,1
1729,鄭光宏動,1
1730,學弟,1
1731,幾罐,1
1732,啤酒,1
1733,首長,1
1734,不挺,1
1735,盧秀燕,1
1736,缺席,1
1737,認識,1
1738,不愛,1
1739,讀書,1
1740,國中,1
1741,翻譯,1
1742,何其,1
1743,去給,1
1744,寵物,1
1745,施打,1
1746,核食,1
1747,玲盟,1
1748,鬼島,1
1749,笑話,1
1750,公費,1
1751,自作聰明,1
1752,男子,1
1753,網搜,1
1754,發票,1
1755,QR,1
1756,Code,1
1757,飯店,1
1758,服務生,1
1759,小路,1
1760,第一個,1
1761,營區,1
1762,排毒,1
1763,葛利,1
1764,完網,1
1765,那家,1
1766,車廠,1
1767,反殺,1
1768,時代,1
1769,內衣店,1
1770,哪一年,1
1771,催眠,1
1772,另一半,1
1773,金城,1
1774,收復,1
1775,左國,1
1776,多此,1
1777,子彈型,1
1778,幾歲,1
1779,肛門,1
1780,節食,1
1781,身體,1
1782,變弱,1
1783,結婚登記,1
1784,麻煩,1
1785,長髮,1
1786,主播,1
1787,張雅琴,1
1788,翻出,1
1789,甲甲要,1
1790,大舉進攻,1
1791,出事,1
1792,平常,1
1793,不抄,1
1794,動物,1
1795,身上,1
1796,差點,1
1797,腸子,1
1798,發炎,1
1799,治不好,1
1800,晨晨,1
1801,內衣,1
1802,補償,1
1803,結果,1
1804,參考,1
1805,而已,1
1806,還打,1
1807,重置,1
1808,欠教,1
1809,暗示,1
1810,打房,1
1811,蘇格拉底,1
1812,麥穗,1
1813,妹紫,1
1814,頭惹,1
1815,巨大,1
1816,創傷,1
1817,空格,1
1818,造成,1
1819,理賠,1
1820,有戲,1
1821,性癖,1
1822,三十歲,1
1823,名堂,1
1824,蘇貞昌,1
1825,符合,1
1826,電費,1
1827,分類,1
1828,這幾年來,1
1829,最多,1
1830,男友,1
1831,太麻里,1
1832,泡湯,1
1833,鐘佳播,1
1834,綠電,1
1835,50%,1
1836,猴子,1
1837,佔領,1
1838,紫衣,1
1839,信徒,1
1840,曾之喬,1
1841,演技,1
1842,一面倒,1
1843,繳健保,1
1844,降龍十八掌,1
1845,金庸,1
1846,正派,1
1847,武學,1
1848,萬華,1
1849,茶室,1
1850,開張,1
1851,宜蘭,1
1852,太陽,1
1853,偉哲突,1
1854,胸悶,1
1855,台南市,1
1856,台灣辦,1
1857,遭稱,1
1858,蒜苗,1
1859,建議,1
1860,丟的,1
1861,水壺,1
1862,找得,1
1863,回來,1
1864,甲甲們,1
1865,參加,1
1866,GitHub,1
1867,Copilot,1
1868,能出,1
1869,綜合,1
1870,終極,1
1871,有多智,1
1872,民可使,1
1873,不可,1
1874,使知,1
1875,手槍,1
1876,好組,1
1877,新手,1
1878,大馬,1
1879,香港藝人,1
1880,骨氣,1
1881,陸軍,1
1882,飛官,1
1883,subway,1
1884,魚堡,1
1885,統二,1
1886,聖誕,1
1887,傳愛,1
1888,399,1
1889,解封,1
1890,放掉,1
1891,措施,1
1892,重回,1
1893,高麗菜,1
1894,太晚,1
1895,尖頭,1
1896,變扁,1
1897,豆腐,1
1898,雕成,1
1899,巨龍,1
1900,七期,1
1901,果然,1
1902,萬惡,1
1903,之地,1
1904,我當,1
1905,男客,1
1906,練習,1
1907,害慘,1
1908,全家,1
1909,吳亦凡,1
1910,表哥,1
1911,強制執行,1
1912,2.6,1
1913,四公開,1
1914,加裝,1
1915,自爆,1
1916,裝置,1
1917,DQ,1
1918,DQ7,1
1919,不堪,1
1920,霸凌輕,1
1921,台商,1
1922,除籍,1
1923,朝此,1
1924,下廚,1
1925,炒菜,1
1926,生出,1
1927,一鍋,1
1928,龍捲風,1
1929,貢寮,1
1930,分象,1
1931,others,1
1932,看不懂,1
1933,源賴清,1
1934,德高望重,1
1935,貨運,1
1936,脈絡,1
1937,FPS,1
1938,曾馨瑩,1
1939,愛女,1
1940,QQ,1
1941,歌唱,1
1942,成果,1
1943,發表,1
1944,打造,1
1945,兩套,1
1946,三蘆,1
1947,禮節,1
1948,不足,1
1949,登山,1
1950,曾格爾八,1
1951,同婚,1
1952,都過,1
1953,鼻孔,1
1954,曝理,1
1955,拓展,1
1956,室友,1
1957,出門,1
1958,宿舍,1
1959,三年,1
1960,沒打,1
1961,燈有,1
1962,獎金,1
1963,氣功,1
1964,確診,1
1965,當天,1
1966,否過,1
1967,或是,1
1968,學長,1
1969,低端,1
1970,甲甲為,1
1971,win11,1
1972,內建抖,1
1973,音是,1
1974,諾蘭,1
1975,作品,1
1976,木蘭,1
1977,胸時,1
1978,解決辦法,1
1979,東北,1
1980,火山,1
1981,島弧,1
1982,哪國,1
1983,軍糧,1
1984,有鬼,1
1985,中年,1
1986,草莓,1
1987,瘋傳,1
1988,陸委會,1
1989,典型,1
1990,愛鬼切,1
1991,881X500,1
1992,納稅錢,1
1993,算了,1
1994,小女孩,1
1995,物極必反,1
1996,寶石,1
1997,珊瑚,1
1998,外賣,1
1999,報稅,1
2000,小雪,1
2001,會長,1
2002,還敢,1
2003,嘲笑,1
2004,筆試,1
2005,主張,1
2006,不法,1
2007,平等,1
2008,機組,1
2009,重啟,1
2010,幫鬼切,1
2011,一度,1
2012,電漲,1
2013,7.6,1
2014,設立,1
2015,台積鎮,1
2016,投資,1
2017,照顧,1
2018,一刀,1
2019,流鬼切,1
2020,三刀,1
2021,流鬼,1
2022,二刀,1
2023,流是,1
2024,小時候,1
2025,家庭,1
2026,摧毀,1
2027,器是,1
2028,大富翁,1
2029,路邊,1
2030,曬太陽,1
2031,奢侈,1
2032,水軍,1
2033,洗地,1
2034,滿天星,1
2035,魔神,1
2036,問卦,1
2037,周遊列國,1
2038,交通事故,1
2039,追蹤,1
2040,寶山,1
2041,水庫,1
2042,有什,1
2043,嘟嘟,1
2044,旅行,1
2045,單人房,1
2046,妓女,1
2047,THE,1
2048,FIRST,1
2049,TAKE,1
2050,有個,1
2051,黑肉,1
2052,誘惑,1
2053,補選,1
2054,顏寬恒,1
2055,藻礁,1
2056,院長,1
2057,座車,1
2058,鴿子,1
2059,監視,1
2060,被叫,1
2061,記者,1
2062,有事,1
2063,外籍,1
2064,別娶,1
2065,婚後,1
2066,變男,1
2067,妹時薪,1
2068,三重人,1
2069,天台,1
2070,行員,1
2071,4725,1
2072,萬元,1
2073,人間蒸發,1
2074,美史,1
2075,既然,1
2076,牌車,1
2077,水泥,1
2078,填起來,1
2079,秋鬥,1
2080,自助餐,1
2081,皮蛋,1
2082,形容,1
2083,觀光,1
2084,簽了,1
2085,哥會,1
2086,那天,1
2087,攔下,1
2088,一車,1
2089,人濕,1
2090,紙巾,1
2091,用壓,1
2092,爆開,1
2093,GGR,1
2094,認養,1
2095,找零,1
2096,遭前,1
2097,加油站,1
2098,加上,1
2099,啟用,1
2100,有助,1
2101,所謂,1
2102,活在當,1
2103,前面,1
2104,切進,1
2105,偏門,1
2106,高調,1
2107,鬧事,1
2108,小弟,1
2109,等等,1
2110,醫院,1
2111,打莫,1
2112,要學,1
2113,武術,1
2114,產業,1
2115,警車,1
2116,伍百,1
2117,牽掛,1
2118,前奏,1
2119,吉他,1
2120,無敵,1
2121,防身術,1
2122,真塑,1
2123,支語,1
2124,吸引力,1
2125,機捷,1
2126,變得,1
2127,客氣,1
2128,AV,1
2129,還嫌,1
2130,優是,1
2131,佳華,1
2132,昨稱,1
2133,影響,1
2134,經貿,1
2135,林為洲,1
2136,改口,1
2137,杰哥,1
2138,給阿偉,1
2139,北部,1
2140,部首,1
2141,台灣配,1
2142,土銀,1
2143,倍券,1
2144,求解,1
2145,500,1
2146,宋媽媽,1
2147,開阿館,1
2148,商會,1
2149,店大冰奶,1
2150,受害者,1
2151,竟輸,1
2152,網嘆,1
2153,的國,1
2154,小生,1
2155,檳榔,1
2156,西施,1
2157,希特勒,1
2158,蘇聯,1
2159,剛打,1
2160,BN,1
2161,漂亮,1
2162,還便,1
2163,日文,1
2164,倒數,1
2165,環團,1
2166,下月擬,1
2167,發動,1
2168,護藻,1
2169,開著,1
2170,睡著,1
2171,無印良品,1
2172,之類,1
2173,及格,1
2174,接下來,1
2175,人權,1
2176,議題,1
2177,環誰是,1
2178,宜居,1
2179,二級,1
2180,房間,1
2181,停車,1
2182,前期,1
2183,壓制,1
2184,心中,1
2185,投打,1
2186,點名,1
2187,道奇,1
2188,人體,1
2189,耳朵,1
2190,開關機,1
2191,戰鬥力,1
2192,人手,1
2193,作藍染衫,1
2194,哈客,1
2195,活動,1
2196,開啟,1
2197,記錄器,1
2198,監理,1
2199,好意思,1
2200,午餐,1
2201,螞蟻,1
2202,進人,1
2203,裡找,1
2204,頻道,1
2205,Youtube,1
2206,中原大學,1
2207,必吃美,1
2208,當台灣,1
2209,首任,1
2210,承認,1
2211,白髮,1
2212,木船,1
2213,防水,1
2214,防腐,1
2215,報名,1
2216,同理,1
2217,發電廠,1
2218,法院,1
2219,學者,1
2220,教育,1
2221,關懷,1
2222,徹底解決,1
2223,右邊,1
2224,行駛,1
2225,車輛,1
2226,超過,1
2227,哪群,1
2228,玻璃,1
2229,乘客,1
2230,狼運將,1
2231,侵女,1
2232,研究生,1
2233,女房東,1
2234,官方,1
2235,幫反,1
2236,金川,1
2237,開大,1
2238,東部,1
2239,UBIK,1
2240,別碰,1
2241,剪短,1
2242,頭髮,1
2243,被關,1
2244,SOP,1
2245,賴品,1
2246,首度,1
2247,站上,1
2248,投手,1
2249,開除,1
2250,toyota,1
2251,心疼,1
2252,手邊,1
2253,閒錢,1
2254,歐硬,1
2255,ETF,1
2256,DCard,1
2257,能容,1
2258,未經,1
2259,消息,1
2260,比酒,1
2261,有卦,1
2262,切入,1
2263,Manu,1
2264,Ginobili,1
2265,當年,1
2266,強在,1
2267,緋聞,1
2268,都還沒,1
2269,返日,1
2270,記者會,1
2271,預備,1
2272,頭痛,1
2273,兩倍,1
2274,彰化,1
2275,員林,1
2276,深夜,1
2277,競車,1
2278,追逐,1
2279,鬥毆,1
2280,很排,1
2281,演化出,1
2282,輪子,1
2283,柯震東,1
2284,咖還能,1
2285,有分,1
2286,主人,1
2287,打死,1
2288,柯基犬,1
2289,隊長,1
2290,要來,1
2291,把頭,1
2292,當球,1
2293,四大,1
2294,2022,1
2295,難關,1
2296,安內,1
2297,開過,1
2298,汽車品牌,1
2299,夫人,1
2300,被疑,1
2301,賣腐,1
2302,偉霆,1
2303,宦官,1
2304,訪緯,1
2305,創資通,1
2306,林智堅,1
2307,期盼,1
2308,雞蛋,1
2309,起床,1
2310,LSAT,1
2311,170,1
2312,等級,1
2313,會信,1
2314,騙人,1
2315,集團,1
2316,武界,1
2317,洩洪釀,1
2318,台電,1
2319,黃毛,1
2320,NTR,1
2321,Podcast,1
2322,崩潰,1
2323,貝里斯,1
2324,鎖國,1
2325,幫想,1
2326,信用,1
2327,破產,1
2328,三少,1
2329,悠仁親,1
2330,五六,1
2331,七月,1
2332,國劑,1
2333,喜極而泣,1
2334,問的,1
2335,育嬰,1
2336,調薪,1
2337,違性,1
2338,平法,1
2339,打服,1
2340,聯合國,1
2341,五常,1
2342,豆豆,1
2343,先生,1
2344,台積,1
2345,電工,1
2346,考試,1
2347,高分,1
2348,最能,1
2349,實力,1
2350,仔離院,1
2351,撤銷,1
2352,人去,1
2353,幫人,1
2354,還錢,1
2355,規矩,1
2356,貨車,1
2357,輾死,1
2358,重大,1
2359,傷病,1
2360,保險,1
2361,募款,1
2362,保持,1
2363,車距,1
2364,報是,1
2365,海線,1
2366,可行,1
2367,拍出,1
2368,媲美,1
2369,紐約,1
2370,nissan,1
2371,yy,1
2372,飆車族,1
2373,被問,1
2374,之外,1
2375,民調,1
2376,滿意度,1
2377,降至,1
2378,41%,1
2379,新低,1
2380,民主黨人,1
2381,憲哥,1
2382,節目,1
2383,小遊戲,1
2384,古惑仔,1
2385,排擠,1
2386,圖書館,1
2387,租機,1
2388,木曜,1
2389,一日,1
2390,系列,1
2391,內容,1
2392,成龍,1
2393,剛好,1
2394,福斯,1
2395,清查,1
2396,警方,1
2397,蘭登,1
2398,哈佛,1
2399,符號學,1
2400,待遇,1
2401,約旦,1
2402,轉那,1
2403,霹靂,1
2404,魔王,1
2405,天魔,1
2406,任意,1
2407,uber,1
2408,飲食,1
2409,比台灣,1
2410,要會,1
2411,中部,1
2412,百億,1
2413,常聽到,1
2414,火腿腸,1
2415,屁孩為,1
2416,說服,1
2417,化身,1
2418,推銷,1
2419,有没有,1
2420,小花,1
2421,亂倫,1
2422,跨出,1
2423,第一步,1
2424,眼裡,1
2425,好車,1
2426,眼光,1
2427,不同,1
2428,風氣,1
2429,東市,1
2430,南投,1
2431,草屯,1
2432,KTV,1
2433,衝突,1
2434,到場,1
2435,不停,1
2436,中油,1
2437,凍未,1
2438,部門,1
2439,剩阿肥,1
2440,轉生,1
2441,爽過,1
2442,外側,1
2443,慢車,1
2444,天才,1
2445,黨政,1
2446,高層,1
2447,曝真,1
2448,墨西哥,1
2449,專科,1
2450,儀式,1
2451,感是,1
2452,社交能力,1
2453,最新版,1
2454,Line,1
2455,蕭美琴,1
2456,美方,1
2457,財部促,1
2458,房屋,1
2459,好多,1
2460,妙齡女,1
2461,覺青上,1
2462,戰場,1
2463,只想當,1
2464,督戰,1
2465,其邁,1
2466,這波,1
2467,學費,1
2468,一杯,1
2469,紅茶,1
2470,冬天,1
2471,在意,1
2472,周圍,1
2473,那種,1
2474,掃興,1
2475,林靜儀,1
2476,搶頭,1
2477,登記,1
2478,鬆動,1
2479,生來,1
2480,借住,1
2481,超商要,1
2482,發文,1
2483,中壢,1
2484,火車站,1
2485,滷味,1
2486,坑人,1
2487,希島,1
2488,海灘,1
2489,吃熱,1
2490,不學,1
2491,遺產稅,1
2492,兩本書,1
2493,交到,1
2494,可能性,1
2495,材質,1
2496,大衣,1
2497,羽絨衣,1
2498,實用,1
2499,度高,1
2500,000,1
2501,女性,1
2502,籃框,1
2503,感恩節,1
2504,馴鹿,1
2505,許瑋倫,1
2506,43,1
2507,冥誕,1
2508,舊愛李威,1
2509,14,1
2510,輕軌,1
2511,氣質,1
2512,唬爛,1
2513,早點,1
2514,默默,1
2515,張士豪,1
2516,大人,1
2517,垃圾車,1
2518,給愛麗,1
2519,宣布,1
2520,國再,1
2521,國嗆,1
2522,某國,1
2523,本能寺,1
2524,之變,1
2525,根本就是,1
2526,遲早,1
2527,發獎,1
2528,3000,1
2529,搭普悠,1
2530,壽豐,1
2531,鄉有,1
2532,必吃必,1
2533,鹹酥雞,1
2534,誰贏,1
2535,繼父,1
2536,祖父,1
2537,資源量,1
2538,氣量,1
2539,自古,1
2540,東方,1
2541,西方,1
2542,歐盟,1
2543,奧地利,1
2544,煙味,1
2545,計程車,1
2546,PR,1
2547,騙過,1
2548,點數,1
2549,這小,1
2550,38,1
2551,結帳,1
2552,明細,1
2553,首爾,1
2554,鐘路區,1
2555,環球,1
2556,影城,1
2557,威震,1
2558,女兒,1
2559,模糊,1
2560,地鐵,1
2561,我變,1
2562,這炮,1
2563,溥儀,1
2564,川島芳子,1
2565,同年,1
2566,半年,1
2567,慢慢,1
2568,內湖區,1
2569,Jpop,1
2570,歌姬,1
2571,該輪,1
2572,證人,1
2573,計畫,1
2574,偷東西,1
2575,裙子,1
2576,半島,1
2577,國標,1
2578,同樣,1
2579,發展,1
2580,磁浮,1
2581,列車,1
2582,宋姓,1
2583,拔管,1
2584,答對,1
2585,Super,1
2586,idol,1
2587,笑容,1
2588,AR,1
2589,用來,1
2590,訓練,1
2591,醫學,1
2592,生動,1
2593,醫療,1
2594,技術,1
2595,頂尖,1
2596,Rivian,1
2597,兵役,1
2598,體檢,1
2599,變美,1
2600,女為,1
2601,悅己者,1
2602,辯解,1
2603,理由,1
2604,常用,1
2605,鋼鐵,1
2606,人有,1
2607,中資,1
2608,若有,1
2609,疑慮,1
2610,電價,1
2611,引發,1
2612,效應,1
2613,最爽,1
2614,性行,1
2615,論文,1
2616,最新進展,1
2617,ICO,1
2618,恢復,1
2619,漢字,1
2620,英文名字,1
2621,親友,1
2622,過後,1
2623,勒索,1
2624,有解,1
2625,表示,1
2626,電機系,1
2627,性侵,1
2628,檳榔汁,1
2629,家門口,1
2630,但苦,1
2631,無證據,1
2632,冷靜,1
2633,我婆,1
2634,生田絵,1
2635,梨花,1
2636,工事,1
2637,335,1
2638,表現,1
2639,蓋房,1
2640,打腫臉充,1
2641,課長,1
2642,chicks,1
2643,dig,1
2644,me,1
2645,老是,1
2646,翻成,1
2647,貧民窟,1
2648,張學友,1
2649,1990,1
2650,年代,1
2651,紅什,1
2652,現金,1
2653,多益考,1
2654,990,1
2655,包店,1
2656,香菜,1
2657,殘兵,1
2658,值高,1
2659,視角,1
2660,最想,1
2661,哪件,1
2662,鄧麗君,1
2663,傳記,1
2664,找湯,1
2665,大腿,1
2666,多高,1
2667,田家,1
2668,名人,1
2669,田馥,1
2670,願意,1
2671,魚店,1
2672,殺魚,1
2673,神秘果,1
2674,睡過,1
2675,乳膠,1
2676,回不去,1
2677,台女,1
2678,駭客,1
2679,任務,1
2680,藥丸,1
2681,紅藥,1
2682,小型,1
2683,超市,1
2684,平實,1
2685,臉不潮,1
2686,瑜珈,1
2687,課要,1
2688,友人,1
2689,老母,1
2690,還拒,1
2691,吸膠,1
2692,二審,1
2693,梁靜茹,1
2694,整個,1
2695,週末,1
2696,台灣變,1
2697,迪士尼,1
2698,癱瘓,1
2699,術業,1
2700,專攻,1
2701,農校,1
2702,畢業生,1
2703,放大,1
2704,24,1
2705,迎頭痛擊,1
2706,解放軍,1
2707,學生,1
2708,化緣,1
2709,貸款,1
2710,疑似,1
2711,操作,1
2712,不當,1
2713,翻落,1
2714,公墓,1
2715,轎車,1
2716,墳墓,1
2717,撐住,1
2718,三陽,1
2719,125,1
2720,合約,1
2721,頻頻,1
2722,惹議,1
2723,首推,1
2724,線上,1
2725,獵豹,1
2726,清理,1
2727,永恆,1
2728,至尊,1
2729,一台,1
2730,糾紛,1
2731,處理,1
2732,執行,1
2733,FIRE,1
2734,妹問,1
2735,大麻,1
2736,理性,1
2737,溝通,1
2738,火力發電廠,1
2739,核五,1
2740,可行性,1
2741,國造,1
2742,原型,1
2743,安放,1
2744,龍骨,1
2745,蔡英,1
2746,要設,1
2747,柵欄,1
2748,不讓,1
2749,戴佩,1
2750,一回,1
2751,刀劍,1
2752,如夢,1
2753,八年級,1
2754,文史哲,1
2755,月薪,1
2756,萬多,1
2757,曾經,1
2758,純真,1
2759,PR90,1
2760,本來,1
2761,不該,1
2762,想住,1
2763,成屋,1
2764,西瓜,1
2765,算有,1
2766,時空,1
2767,當甲甲,1
2768,義大利,1
2769,只是,1
2770,調皮,1
2771,必勝客,1
2772,起司,1
2773,胡椒,1
2774,影視作品,1
2775,高於,1
2776,十月,1
2777,通報,1
2778,異性戀,1
2779,高達,1
2780,10%,1
2781,FB,1
2782,台灣國,1
2783,當皇,1
2784,表妹,1
2785,玩壞,1
2786,租小,1
2787,店面,1
2788,麻辣火鍋,1
2789,學店,1
2790,打工仔,1
2791,吵著要,1
2792,辛拉,1
2793,才專,1
2794,會用,1
2795,預測,1
2796,漲跌,1
2797,一線,1
2798,採訪,1
2799,重慶,1
2800,數千,1
2801,要求,1
2802,降承,1
2803,早年,1
2804,相親,1
2805,男方,1
2806,重視,1
2807,女方,1
2808,永續,1
2809,飛航,1
2810,燃油,1
2811,SAF,1
2812,孔雀,1
2813,酥脆,1
2814,侍煙師,1
2815,流汗,1
2816,狐臭味,1
2817,無法,1
2818,洗澡,1
2819,青旅,1
2820,混合,1
2821,周興,1
2822,哲是,1
2823,上台,1
2824,知名,1
2825,男歌手,1
2826,Pan,1
2827,Piano,1
2828,請別,1
2829,獨自一人,1
2830,優質,1
2831,企業,1
2832,終究會,1
2833,公道,1
2834,拉琪,1
2835,好聽,1
2836,黑人區,1
2837,熱區,1
2838,危險度,1
2839,DJ,1
2840,high,1
2841,出書,1
2842,賺錢,1
2843,信箱,1
2844,收信,1
2845,爆乳妹,1
2846,警局,1
2847,砸車,1
2848,剪輯,1
2849,不用,1
2850,囤積,1
2851,暗殺,1
2852,美團,1
2853,餅乾,1
2854,很髒,1
2855,女權,1
2856,份子,1
2857,化妝,1
2858,分手,1
2859,生不如死,1
2860,暴瘦,1
2861,DDR3,1
2862,主機板,1
2863,再戰,1
2864,餐飲業,1
2865,工時,1
2866,薪資,1
2867,常態,1
2868,昊哥,1
2869,陪伴,1
2870,456,1
2871,熱臉,1
2872,的掛,1
2873,出名,1
2874,坑爹,1
2875,Toyz,1
2876,吃得飽,1
2877,睡得,1
2878,學習,1
2879,矮化,1
2880,很色,1
2881,紅豆餅,1
2882,居然,1
2883,懂車,1
2884,殘劑,1
2885,連千毅會,1
2886,出錢,1
2887,鄧佳華,1
2888,古代人,1
2889,清楚,1
2890,竟然,1
2891,霸佔,1
2892,被子,1
2893,女森,1
2894,弱不弱,1
2895,共識,1
2896,一波,1
2897,帶走,1
2898,九把刀,1
2899,嚇到,1
2900,聊天室,1
2901,單點,1
2902,飽貴,1
2903,領導,1
2904,兄弟,1
2905,偉漢,1
2906,頭部,1
2907,速球,1
2908,直擊,1
2909,倒地,1
2910,流血,1
2911,擔架,1
2912,難過,1
2913,泡溫泉,1
2914,下面,1
2915,浴巾,1
2916,跟豬,1
2917,打架,1
2918,贏得,1
2919,下課,1
2920,花路,1
2921,下馬威,1
2922,入手,1
2923,棒球賽,1
2924,漲幅,1
2925,海神,1
2926,總是,1
2927,雙標,1
2928,吃虧,1
2929,自我,1
2930,女歌手,1
2931,當眾,1
2932,褲灑,1
2933,對準,1
2934,肌肉,1
2935,背叛,1
2936,贅肉,1
2937,但變,1
2938,難吃,1
2939,店會,1
2940,宅宅,1
2941,喪禮,1
2942,行天宮,1
2943,追哈韓,1
2944,33,1
2945,慘輸,1
2946,大事,1
2947,薪水,1
2948,翻天,1
2949,賽車,1
2950,不擬,1
2951,籃球,1
2952,A5,1
2953,2021,1
2954,之前,1
2955,中世紀,1
2956,鬥劍,1
2957,有用嗎,1
2958,清潔,1
2959,修道士,1
2960,整天,1
2961,喝啤酒,1
2962,北海道,1
2963,鍋物,1
2964,打四劑,1
2965,實驗,1
2966,人台,1
2967,中溯,1
2968,領隊,1
2969,繩索,1
2970,裝備,1
2971,卡住,1
2972,受困,1
2973,25,1
2974,強化,1
2975,太空,1
2976,警戒,1
2977,隊將成,1
2978,HOME,1
2979,PLUS,1
2980,開設,1
2981,破防,1
2982,茹絲葵,1
2983,點在,1
2984,賭神,1
2985,號往生,1
2986,31,1
2987,彈力,1
2988,繩椅,1
2989,好不好,1
2990,POYA,1
2991,寶雅,1
2992,本體,1
2993,140cm,1
2994,人馬,1
2995,持棍,1
2996,互毆,1
2997,輕傷,1
2998,重傷,1
2999,可是,1
3000,eats,1
3001,再爛,1
3002,核四弄,1
3003,抑制,1
3004,雙北,1
3005,合格,1
3006,打電話,1
3007,荷蘭,1
3008,皇室,1
3009,信託,1
3010,殼牌,1
3011,倒賣,1
3012,沒人,1
3013,吃過,1
3014,貢丸,1
3015,嗚嗚,1
3016,google,1
3017,反萊,1
3018,推廣,1
3019,專刊,1
3020,Vol.01,1
3021,踢踢,1
3022,新手村,1
3023,說好,1
3024,桃園,1
3025,滑輪,1
3026,溜冰,1
3027,國手,1
3028,楊合貞,1
3029,意外,1
3030,骨折,1
3031,未派,1
3032,位點,1
3033,退費,1
3034,一餐,1
3035,長久,1
3036,合理化,1
3037,根管,1
3038,治療,1
3039,很痛,1
3040,美少女,1
3041,鋼彈,1
3042,哪年,1
3043,黃金,1
3044,巴西,1
3045,提前,1
3046,晉級,1
3047,卡達,1
3048,足賽,1
3049,球隊,1
3050,當警,1
3051,民國,1
3052,數碳,1
3053,稅來,1
3054,罪人,1
3055,舉報,1
3056,張高麗,1
3057,法媒,1
3058,古狗,1
3059,伊朗,1
3060,洗屏,1
3061,金棒,1
3062,盒盒,1
3063,哪句,1
3064,一款,1
3065,真正,1
3066,人性化,1
3067,智能,1
3068,3M,1
3069,YAMAHA,1
3070,技能,1
3071,家中,1
3072,過來,1
3073,有點,1
3074,電子,1
3075,筆記,1
3076,解決方案,1
3077,小廟,1
3078,歌仔戲,1
3079,有無,1
3080,共產,1
3081,洗腦,1
3082,絕招,1
3083,錯覺,1
3084,佛陀,1
3085,略施,1
3086,聽到,1
3087,boom,1
3088,一聲,1
3089,很悶,1
3090,沒什麼,1
3091,老人,1
3092,哈哈,1
3093,跌倒,1
3094,實驗室,1
3095,辦公椅,1
3096,牙齒,1
3097,痛痛,1
3098,蛀牙,1
3099,天時地利,1
3100,人合,1
3101,八掛,1
3102,民生,1
3103,漲到,1
3104,吸氣,1
3105,胸口,1
3106,超痛,1
3107,怎辦,1
3108,海邊,1
3109,吹風,1
3110,變北七,1
3111,怎半,1
3112,呂雅筑,1
3113,彩色,1
3114,小S,1
3115,自豪,1
3116,洗頭,1
3117,嫌棄,1
3118,愛用,1
3119,小米,1
3120,北流,1
3121,外面,1
3122,黑頭,1
3123,四個堅持,1
3124,呼籲,1
3125,人孔,1
3126,圓形,1
3127,殭屍,1
3128,記得,1
3129,八極拳,1
3130,詠春拳,1
3131,Linkin,1
3132,Park,1
3133,一首歌,1
3134,哪首,1
3135,大連,1
3136,封條,1
3137,足不出戶,1
3138,老婦,1
3139,老闆娘,1
3140,真心,1
3141,歐美國家,1
3142,視為,1
3143,綠能,1
3144,幾天,1
3145,敲鑼打鼓,1
3146,放鞭炮,1
3147,滾出去,1
3148,感染,1
3149,icu,1
3150,雙親,1
3151,撻伐,1
3152,律師,1
3153,幾部,1
3154,經典,1
3155,卡通,1
3156,難民,1
3157,轉送,1
3158,給西,1
3159,功能,1
3160,取代,1
3161,艾斯死,1
3162,哪部,1
3163,每看,1
3164,必身,1
3165,罷免,1
3166,政問,1
3167,條款,1
3168,海域,1
3169,NerveGear,1
3170,裡的,1
3171,奢侈品,1
3172,醬油,1
3173,配粥,1
3174,兇殺案,1
3175,進度,1
3176,葛瑪蘭,1
3177,奶酒,1
3178,結塊,1
3179,8000,1
3180,以下,1
3181,電熱水器,1
3182,肉蟹,1
3183,塑膠套,1
3184,拔掉,1
3185,自戀,1
3186,仿作,1
3187,YOASOBI,1
3188,RADWIMPS,1
3189,歌曲,1
3190,幾根,1
3191,煙算,1
3192,上癮,1
3193,夾菜,1
3194,給我,1
3195,減少,1
3196,how,1
3197,da,1
3198,橋本,1
3199,環奈,1
3200,白石,1
3201,萌音,1
3202,WTO,1
3203,房地產,1
3204,醞釀,1
3205,風暴,1
3206,直播,1
3207,奶妹,1
3208,聚會,1
3209,詭異,1
3210,陽台裝,1
3211,腰斬,1
3212,女碩士,1
3213,小黑,1
3214,眼睛,1
3215,disney,1
3216,不惑,1
3217,還不,1
3218,健康,1
3219,何會,1
3220,一邊,1
3221,不夠,1
3222,有效,1
3223,降低,1
3224,數量,1
3225,補血,1
3226,驕傲,1
3227,坦克,1
3228,跑龍套,1
3229,周曉涵,1
3230,定型,1
3231,類了,1
3232,壓低,1
3233,北九州,1
3234,衣櫃,1
3235,裡都,1
3236,至少,1
3237,一套,1
3238,和服,1
3239,長跑,1
3240,萌妹,1
3241,日向,1
3242,46,1
3243,骨頭,1
3244,GAY,1
3245,天龍八部,1
3246,反派,1
3247,一人,1
3248,一首五,1
3249,驚人,1
3250,還不歐,1
3251,很會,1
3252,釣蝦,1
3253,陽春,1
3254,八方,1
3255,鍋貼,1
3256,四塊,1
3257,區間車,1
3258,巴嘎,1
3259,nono,1
3260,惡臭,1
3261,飄散,1
3262,鐵口,1
3263,紙鈔,1
3264,沒用,1
3265,經紀,1
3266,營業,1
3267,大亨,1
3268,頂樓,1
3269,活著,1
3270,碾死,1
3271,VR,1
3272,看久會,1
3273,SBL,1
3274,能夠,1
3275,頭頭是道,1
3276,樂樂,1
3277,少爺,1
3278,給他,1
3279,賠死,1
3280,更爽,1
3281,死不認錯,1
3282,眼鏡,1
3283,無奈,1
3284,金門,1
3285,藍天,1
3286,綠地,1
3287,高興,1
3288,冬奧,1
3289,賽道,1
3290,錯誤,1
3291,落閘,1
3292,選手,1
3293,慘遭,1
3294,彈珠,1
3295,最貴,1
3296,過審,1
3297,很怪,1
3298,收租,1
3299,數十萬,1
3300,說明會,1
3301,緊張,1
3302,明星,1
3303,小鹿,1
3304,亂撞,1
3305,貝佐斯向,1
3306,李奧納,1
3307,回家,1
3308,中稱,1
3309,怪怪的,1
3310,牛排,1
3311,全熟,1
3312,運動,1
3313,怎還會,1
3314,情慾,1
3315,流動,1
3316,國動聞子,1
3317,911,1
3318,艾米,1
3319,小穹,1
3320,WHO,1
3321,三期,1
3322,萬人,1
3323,一時,1
3324,終結,1
3325,神話,1
3326,破滅,1
3327,行情,1
3328,綠委,1
3329,關切,1
3330,後備軍人,1
3331,教召,1
3332,國防部,1
3333,入間,1
3334,入魔,1
3335,好好看,1
3336,限量,1
3337,一萬,1
3338,慶祝,1
3339,演藝圈,1
3340,味全,1
3341,85,1
3342,有交,1
3343,會試,1
3344,關鍵時刻,1
3345,林文淵,1
3346,漫畫,1
3347,新世界,1
3348,太郎,1
3349,秘訣,1
3350,結束,1
3351,國父,1
3352,生前,1
3353,有想過,1
3354,收回,1
3355,你家,1
3356,搭乘,1
3357,大眾,1
3358,運輸,1
3359,露奶,1
3360,女媧,1
3361,滅胡令,1
3362,愛當,1
3363,歌手,1
3364,天天,1
3365,會想,1
3366,主管,1
3367,炒房,1
3368,建商,1
3369,欺負,1
3370,聯亞,1
3371,120,1
3372,抬頭,1
3373,挺胸,1
3374,蘿莉控,1
3375,民選,1
3376,任期,1
3377,卸任,1
3378,大雨,1
3379,喝咖啡,1
3380,荷包,1
3381,失血,1
3382,生豆,1
3383,價格,1
3384,翻倍,1
3385,挪威,1
3386,水力發電,1
3387,拉客,1
3388,WwE,1
3389,考場,1
3390,應試,1
3391,私立學校,1
3392,旺旺,1
3393,仙貝,1
3394,米果,1
3395,車主,1
3396,品牌,1
3397,Lexus,1
3398,男同事,1
3399,方馨,1
3400,德馨,1
3401,無照,1
3402,柴犬,1
3403,達人,1
3404,屁孩囂,1
3405,台中伴,1
3406,手禮,1
3407,黑黑的,1
3408,火鍋,1
3409,面試官,1
3410,很勇,1
3411,方式,1
3412,2024,1
3413,預計,1
3414,發售,1
3415,芒果乾,1
3416,天下,1
3417,無不,1
3418,所有人,1
3419,關上門,1
3420,沙漠,1
3421,看法,1
3422,怎麼回事,1
3423,兩段式,1
3424,裝蒜,1
3425,生小孩,1
3426,火速,1
3427,帳是,1
3428,單身,1
3429,365,1
3430,天能,1
3431,捕鼠器,1
3432,老鼠,1
3433,永康,1
3434,這的,1
3435,檢肅,1
3436,流氓,1
3437,條例,1
3438,LEAGUE,1
3439,古拉,1
3440,耐燙,1
3441,幾度,1
3442,iRent,1
3443,太多人,1
3444,一條,1
3445,萬是,1
3446,核四蓋,1
3447,未來,1
3448,對象性,1
3449,黃種人,1
3450,最弱,1
3451,人種,1
3452,組織,1
3453,臥底,1
3454,化學,1
3455,高喊,1
3456,碩士班,1
3457,幫台積,1
3458,約聘,1
3459,約僱,1
3460,人員,1
3461,轉準,1
3462,下文,1
3463,時期,1
3464,少子,1
3465,情況,1
3466,祖產,1
3467,累積,1
3468,霸主,1
3469,張景森,1
3470,預言,1
3471,時力,1
3472,明年,1
3473,不潮,1
3474,現今,1
3475,Youtuber,1
3476,百桂,1
3477,食品,1
3478,無限期,1
3479,停業,1
3480,福原,1
3481,江宏傑,1
3482,曝戀,1
3483,上百,1
3484,貨櫃,1
3485,一般,1
3486,危險,1
3487,靠種,1
3488,番薯,1
3489,伙食費,1
3490,他媽給,1
3491,國產,1
3492,拋棄,1
3493,業跟,1
3494,傳產,1
3495,古人,1
3496,gps,1
3497,頭緒,1
3498,飆車,1
3499,屁孩,1
